title,company,location,apply link
Python Developer (Remote),Finsera,No office location,https://stackoverflow.com/jobs/524065
Research Software Engineer (f/m/div) – Digital Humans,Max Planck Institute for Intelligent Systems,"Tübingen, Deutschland",https://stackoverflow.com/jobs/562659
Application Support Engineer (m/f/div),Elinvar GmbH,"Berlin, Germany",https://stackoverflow.com/jobs/550757
Full Stack Developer,Mimacom,"Denver, CO",https://stackoverflow.com/jobs/556133
Product Engineer in remote-first browser games company - 100% Typescript,Crazy Games,No office location,https://stackoverflow.com/jobs/353692
Senior Software Engineer - Where GovTech Meets FinTech,PayIt,No office location,https://stackoverflow.com/jobs/558419
Cloud Automation Engineer (m/w/d),Mimacom,"Stuttgart, Deutschland",https://stackoverflow.com/jobs/551994
Frontend Developer:in (all genders),asgoodasnew electronics GmbH,"Berlin, Deutschland",https://stackoverflow.com/jobs/565657
Front-End Software Engineer,HENNGE K.K.,"Tokyo, Japan",https://stackoverflow.com/jobs/381280
"Software Developers for our offices in Berlin, Hamburg, Göttingen or Abingdon",Evotec SE,"Hamburg, Germany",https://stackoverflow.com/jobs/524299
(Junior) Full Stack Developer (m/w/d),MVZ Martinsried GmbH,"Planegg, Deutschland",https://stackoverflow.com/jobs/565919
Full-Stack Technical Lead,SSENSE,"Montreal, QC, Canada",https://stackoverflow.com/jobs/521742
Backend Software Engineer,Armored Things,"Boston, MA",https://stackoverflow.com/jobs/322319
"Full Stack Software Engineer, Business Integrity",ByteDance,Singapore,https://stackoverflow.com/jobs/553099
Senior Front-end Developer (Remote),SORAMITSU,"Innopolis, Russia",https://stackoverflow.com/jobs/522571
"Senior/Front End Engineer, APAC",Coda Payments,No office location,https://stackoverflow.com/jobs/557316
Python Entwickler*in Remote (f/m/d),Ambient,"Köln, Deutschland",https://stackoverflow.com/jobs/493874
Sr. Full Stack Engineer- Python,AutoTrader,"Toronto, ON, Canada",https://stackoverflow.com/jobs/529021
Senior WordPress Developer,Curotec,No office location,https://stackoverflow.com/jobs/550906
Lead Frontend Engineer (all genders) - Remote or Relocation,Goodgame Studios,"Hamburg, Deutschland",https://stackoverflow.com/jobs/553440
Software Engineer – Frontend / Fullstack (m/f/d) remote or on-site,HolidayCheck Group AG,"Munich, Germany",https://stackoverflow.com/jobs/297720
(Senior) Frontend Engineer | Angular or React | Barcelona,Dynatrace,"Barcelona, Spain",https://stackoverflow.com/jobs/559775
Senior Backend Engineer - Python,Cornershop,"São Paulo, Brazil",https://stackoverflow.com/jobs/515697
Senior Python/Django Full-stack Developer,Apicbase Belgium,No office location,https://stackoverflow.com/jobs/515716
"full-stack web developer (node.js, typescript)",code d'azur,"Amsterdam, Netherlands",https://stackoverflow.com/jobs/522428
"full-stack web developer (node.js, typescript)",code d'azur,"Amsterdam, Netherlands",https://stackoverflow.com/jobs/522428
Senior Python/Django Full-stack Developer,Apicbase Belgium,No office location,https://stackoverflow.com/jobs/515716
React Front End Developer,"Daupler, Inc.","Kansas City, MO",https://stackoverflow.com/jobs/523351
Senior Backend / Ruby on Rails Developer (Remote),iubenda,"Milan, Italy",https://stackoverflow.com/jobs/557310
Full-Stack Technical Lead,SSENSE,"Austin, TX",https://stackoverflow.com/jobs/521737
Experienced Full-stack Web Engineer,Scoville,"Shibuya City, Japan",https://stackoverflow.com/jobs/529039
Intertoob Scanner Builder (Fullstack Engineer),Carve Systems,"Golden, CO",https://stackoverflow.com/jobs/517498
Full-Stack Developer (f/m/x),svarmony Technologies GmbH,"Wien, Österreich",https://stackoverflow.com/jobs/559661
Web Developer (m/w/d),Ravensburger AG,"Ravensburg, Deutschland",https://stackoverflow.com/jobs/559925
"Senior/Front End Engineer, APAC",Coda Payments,No office location,https://stackoverflow.com/jobs/557316
(Senior) Fullstack Entwickler (m/w/d),BoschviaComputer Futures Solutions GmbH,"Stuttgart, Deutschland",https://stackoverflow.com/jobs/525341
Junior/Senior Java Software Entwickler (m/w/d),"HPV e.G.viaProgressive, ein Geschäftszweig der SThree GmbH","Hamburg, Germany",https://stackoverflow.com/jobs/525365
Full Stack Software Engineer,Stable Kernel,"Atlanta, GA",https://stackoverflow.com/jobs/555631
Javascript Software Engineer (Front End) - Unicorn,Gamesys Group,"London, UK",https://stackoverflow.com/jobs/559767
Senior WordPress Developer,Curotec,No office location,https://stackoverflow.com/jobs/550906
Senior Software Engineer (React),Higher Logic,"Montreal, QC, Canada",https://stackoverflow.com/jobs/536301
(Senior) React Frontend Engineer - Core Functionality / all genders,Elinvar GmbH,"Berlin, Germany",https://stackoverflow.com/jobs/562577
Remote Fullstack Entwicklerin (m/w/d),Ambient,"Köln, Deutschland",https://stackoverflow.com/jobs/552969
Javascript & PHP Entwickler(in) für spannende Webapplikationen,4eyes GmbH,"Basel, Schweiz",https://stackoverflow.com/jobs/420062
Casino games frontend developer,Giocaonline s.r.l.,"Milan, Italy",https://stackoverflow.com/jobs/512667
"(Senior) Frontend Developer (m/w/d), Remote, Köln, Hamburg, Berlin od. Gütersloh",Schüttflix GmbH,"Cologne, Germany",https://stackoverflow.com/jobs/525579
"Frontend Software Engineer, Customer Service Platform",ByteDance,Singapore,https://stackoverflow.com/jobs/541573
Software Engineer - Frontend,ZALORA,"Ho Chi Minh City, Vietnam",https://stackoverflow.com/jobs/536783
Senior Java Software Engineer (US Remote based),RBW ConsultingviaRBW Consulting,No office location,https://stackoverflow.com/jobs/554678
Full Stack Developer Mobile Gaming (m/w/d),Lotum GmbH,"Bad Nauheim, Deutschland",https://stackoverflow.com/jobs/372990
Python Web Application Developer (Entry or Mid Level),"Cipher Tech Solutions, Inc",No office location,https://stackoverflow.com/jobs/561032
Senior Web/Mobile Developer (m/w/d),Lotum GmbH,"Frankfurt am Main, Deutschland",https://stackoverflow.com/jobs/372988
Senior Java Fullstack Developer: contribute E2E from server side to API & the UI,Mimecast,"London, UK",https://stackoverflow.com/jobs/415192
Full Stack Software Engineer,Stable Kernel,"Atlanta, GA",https://stackoverflow.com/jobs/555631
Senior Software Engineer - React Native,uShip,"Austin, TX",https://stackoverflow.com/jobs/550764
Frontend Software Engineer (w/m/d),ServiceOcean SalesDE GmbH,"Köln, Deutschland",https://stackoverflow.com/jobs/561433
Senior Frontend Software Engineer (m/f/d),zooplus AG,"München, Germany",https://stackoverflow.com/jobs/524555
Front-end web developer to make digital solutions for social challenges,Innovattic,"Delft, Netherlands",https://stackoverflow.com/jobs/529137
Informatiker als Fullstack Entwickler Web Development für Audioprodukte (m/w/d),Sennheiser electronic GmbH & Co. KG,"Wedemark, Deutschland",https://stackoverflow.com/jobs/509390
Full-Stack Software Developer (Intermediate / Senior),Derivco.,"Hope Island, Australia",https://stackoverflow.com/jobs/550295
Senior Backend Software Engineer (US Only),"Pie Insurance Holdings, Inc.",No office location,https://stackoverflow.com/jobs/545524
Software Developer - Webentwickler - Programmierer m/w/x,Jobcluster Deutschland GmbH,No office location,https://stackoverflow.com/jobs/561431
Frontend Web Developer (m/w/d),EyeC GmbH,"Hamburg, Deutschland",https://stackoverflow.com/jobs/408135
Software Entwickler*in OmniTracker (m/w/d),Stadtwerke München GmbH,"München, Deutschland",https://stackoverflow.com/jobs/516837
Casino games frontend developer,Giocaonline s.r.l.,"Milan, Italy",https://stackoverflow.com/jobs/512667
"Front End Developer - Angular, JavaScript, jQuery, Agile, TypeScript",Mimecast,"London, UK",https://stackoverflow.com/jobs/376558
"Frontend Software Engineer, Customer Service Platform",ByteDance,Singapore,https://stackoverflow.com/jobs/541573
Software Allrounder (m/f/d),AnyDesk Software GmbH,"Stuttgart, Deutschland",https://stackoverflow.com/jobs/564248
Senior Software Engineer Web Front-end,ti&m AG,"Bern, Schweiz",https://stackoverflow.com/jobs/522271
Senior Software Engineer Web Front-end,ti&m AG,"Zürich, Schweiz",https://stackoverflow.com/jobs/522252
Senior Software Engineer Web-Front-end / .NET,ti&m AG,"Zürich, Schweiz",https://stackoverflow.com/jobs/522251
Experienced Front End Engineer,AE nv/sa,"Leuven, Belgium",https://stackoverflow.com/jobs/523553
Senior Full Stack Developer at Kogan.com,We Are Common,"Melbourne, Australia",https://stackoverflow.com/jobs/531156
UK-Based Remote Full Stack Web Developer (Angular / NodeJS / AWS),WUSTL International,No office location,https://stackoverflow.com/jobs/518475
Senior UI Software Engineer,VIZIO,"Denver, CO",https://stackoverflow.com/jobs/522671
JAVA DEVELOPER (F/M) FOR JAVA SOFTWARE DEVELOPMENT,Goldbach Group AG,"Berlin, Germany",https://stackoverflow.com/jobs/565770
Senior Front End Engineer (Remote),Slido,"Bratislava, Slovakia",https://stackoverflow.com/jobs/519966
Software Engineer – JavaScript + React,zooplus AG,"Kraków, Poland",https://stackoverflow.com/jobs/545496
React Software Engineer @ Nozomi Networks,Nozomi Networks,"Mendrisio, Switzerland",https://stackoverflow.com/jobs/526403
Jr. Software Engineer,FieldRoutes,No office location,https://stackoverflow.com/jobs/560734
Senior TypeScript and .Net Developer,MapLarge,"Atlanta, GA",https://stackoverflow.com/jobs/482097
Senior Backend Software Engineer (US Only),"Pie Insurance Holdings, Inc.",No office location,https://stackoverflow.com/jobs/545524
Frontend Developer / Headless Expert,Magnolia International Ltd.,No office location,https://stackoverflow.com/jobs/525573
Senior Software Engineer Web Front-end,ti&m AG,"Bern, Schweiz",https://stackoverflow.com/jobs/522271
Software Engineer (Migration),Odoo,"San Francisco, CA",https://stackoverflow.com/jobs/472407
Senior Software Engineer Web Front-end,ti&m AG,"Zürich, Schweiz",https://stackoverflow.com/jobs/522252
Senior Software Engineer Web-Front-end / .NET,ti&m AG,"Zürich, Schweiz",https://stackoverflow.com/jobs/522251
Data Engineer - Where GovTech and FinTech Meet,PayIt,No office location,https://stackoverflow.com/jobs/557203
Senior Software Engineer - Frontend,VIZIO,"Denver, CO",https://stackoverflow.com/jobs/522670
Senior Front End Software Engineer - Poker,Gamesys Group,"London, UK",https://stackoverflow.com/jobs/559768
Senior Full Stack Web Engineer,Runtastic,"Linz, Austria",https://stackoverflow.com/jobs/561448
React Developer - Are you available for the most recognized sports retailer ?,Pentalog,No office location,https://stackoverflow.com/jobs/554216
Cloud Automation Engineer,tribe29 GmbH,"München, Deutschland",https://stackoverflow.com/jobs/547843
Software-Entwickler für JavaScript / Node.js Applikationen (m/w/d) [100% Remote,elunic AG,No office location,https://stackoverflow.com/jobs/557315
"Full Stack Software Developer – C#, ASP.NET (m/w/d)",DOM Sicherheitstechnik GmbH & Co. KG,"Brühl, Deutschland",https://stackoverflow.com/jobs/561546
Web Developer wanting to join a fast growing company,BigChange Ltd,"Leeds, UK",https://stackoverflow.com/jobs/268103
Senior C# .NET Engineer / Developer (m/w/d) | on-site oder remote,Best Secret GmbH,No office location,https://stackoverflow.com/jobs/559935
"Software Engineer, Web Platform [Mercari]",Mercari,"Tokyo, Japan",https://stackoverflow.com/jobs/562439
Senior Software Engineer (Risk Management),tastyworks,"Chicago, IL",https://stackoverflow.com/jobs/556772
Staff Backend Engineer (US Only),"Pie Insurance Holdings, Inc.",No office location,https://stackoverflow.com/jobs/545527
"Software Engineer, Web Platform [Mercari]",Mercari,"Tokyo, Japan",https://stackoverflow.com/jobs/562439
Senior Front-end Engineer,Reaktor,"Lisboa, Portugal",https://stackoverflow.com/jobs/554381
Senior Front-end Developer,Marketer Technologies AS,"Oslo, Norway",https://stackoverflow.com/jobs/541502
Software Engineer,Odoo,"Ciudad de México, Mexico",https://stackoverflow.com/jobs/472421
Senior Full Stack Web Engineer,Runtastic,"Linz, Austria",https://stackoverflow.com/jobs/561448
React Developer - Are you available for the most recognized sports retailer ?,Pentalog,No office location,https://stackoverflow.com/jobs/554216
Software-Entwickler für JavaScript / Node.js Applikationen (m/w/d) [100% Remote,elunic AG,No office location,https://stackoverflow.com/jobs/557315
Senior C# .NET Engineer / Developer (m/w/d) | on-site oder remote,Best Secret GmbH,No office location,https://stackoverflow.com/jobs/559935
Software Engineer - Articulate 360,Articulate Inc.,No office location,https://stackoverflow.com/jobs/508367
Senior Software Engineer (Risk Management),tastyworks,"Chicago, IL",https://stackoverflow.com/jobs/556772
"Full Stack Software Developer – C#, ASP.NET (m/w/d)",DOM Sicherheitstechnik GmbH & Co. KG,"Brühl, Deutschland",https://stackoverflow.com/jobs/561546
Staff Backend Engineer (US Only),"Pie Insurance Holdings, Inc.",No office location,https://stackoverflow.com/jobs/545527
Integration Engineer (m/f/d),plista GmbH,"Berlin, Deutschland",https://stackoverflow.com/jobs/560710
Senior Full-Stack Developer,eBay,"Amsterdam, Netherlands",https://stackoverflow.com/jobs/541472
Lead Software Engineer (Full Stack),"Jack Henry & Associates, Inc.®",No office location,https://stackoverflow.com/jobs/541319
(Junior) Frontend Developer (m/f/d) JavaScript,knowis AG,"Regensburg, Deutschland",https://stackoverflow.com/jobs/565774
Intermediate Front-End Developer,Derivco.,"Umhlanga, South Africa",https://stackoverflow.com/jobs/528641
Backend Developer (m/w/d) remote,best it AG,"Berlin, Deutschland",https://stackoverflow.com/jobs/513393
Remote Experienced Frontend Engineer - React,"Theorem, LLC",No office location,https://stackoverflow.com/jobs/562427
Full Stack Webdeveloper (m/f/d),starmobile GmbH,"Fulda, Deutschland",https://stackoverflow.com/jobs/392888
Full Stack Developer (m/f/d),Yalwa GmbH,"Wiesbaden, Germany",https://stackoverflow.com/jobs/523538
Frontend Developer E-Commerce (m/w/d),Peek & Cloppenburg,"Düsseldorf, Germany",https://stackoverflow.com/jobs/565676
Software Engineer,Which?,"London, UK",https://stackoverflow.com/jobs/524001
Software Engineer (Front-End Typescript),Baker Hughes,"Cramlington, UK",https://stackoverflow.com/jobs/560596
Frontend Engineer,SQUAD,"Kyiv, Ukraine",https://stackoverflow.com/jobs/518176
Senior Fullstack Developer (m/w/d) - für E-Commerce Agentur in Bremen,hmmh multimediahaus AG,"Bremen, Deutschland",https://stackoverflow.com/jobs/527118
⌨️ Full-stack Software Development Engineer,Acho,"Boston, MA",https://stackoverflow.com/jobs/561831
Full Stack Developer (m/f/d),Yalwa GmbH,"Wiesbaden, Germany",https://stackoverflow.com/jobs/523538
Software Engineer,Which?,"London, UK",https://stackoverflow.com/jobs/524001
Software Engineer (Front-End Typescript),Baker Hughes,"Cramlington, UK",https://stackoverflow.com/jobs/560596
Frontend Entwickler (w/m/d) Angular / Typescript - bundesweit & Homeoffice,objective partner AG,"Weinheim, Deutschland",https://stackoverflow.com/jobs/550883
Software Architect - Remote,SemanticBits,No office location,https://stackoverflow.com/jobs/522641
Front-end Developer,HOTMART,"Belo Horizonte, Brazil",https://stackoverflow.com/jobs/526776
Senior Fullstack Engineer,Tradeshift,"Bucharest, Romania",https://stackoverflow.com/jobs/530234
C# Developer für Webanwendungen (w/*/m),queo GmbH,"Dresden, Deutschland",https://stackoverflow.com/jobs/522414
Senior Hybrid Web-App Developer,Platogo Interactive Entertainment GmbH,"Wien, Austria",https://stackoverflow.com/jobs/489573
Senior Front-end Engineer,Reaktor,"Lisboa, Portugal",https://stackoverflow.com/jobs/554381
Full-Stack PHP Web Developer,D3R,"Chichester, UK",https://stackoverflow.com/jobs/282255
Full Stack Web Developer (m/w/d),EyeC GmbH,"Hamburg, Deutschland",https://stackoverflow.com/jobs/408137
Full Stack Mobile Developer (Flutter) (w/m/d),Lotum GmbH,"Frankfurt am Main, Deutschland",https://stackoverflow.com/jobs/526742
Senior Software Developer Web (m/w/d) - Meckenheim (Bonn) / remote,"SThree Temp ExpertsviaProgressive, ein Geschäftszweig der SThree GmbH","Meckenheim, Deutschland",https://stackoverflow.com/jobs/524024
Web Developer (m/f/d),Ravensburger AG,"Seattle, WA, USA",https://stackoverflow.com/jobs/497853
Junior Software Engineer,Akselos S.A.,"Ho Chi Minh City, Vietnam",https://stackoverflow.com/jobs/411389
Senior Webentwickler/in (80-100%),bbv Software Services AG,"Zürich, Schweiz",https://stackoverflow.com/jobs/431192
Junior Java fejlesztő,UNIQA Raiffeisen Software Service Kft.,"Budapest, Ungarn",https://stackoverflow.com/jobs/515491
Software-Entwickler & Software-Architekt (m/w/d),Method Park,"München, Deutschland",https://stackoverflow.com/jobs/548553
Backend Engineer - Tradeshift Engage,Tradeshift,"Aarhus, Denmark",https://stackoverflow.com/jobs/526909
MOBILE APP DEVELOPER (m/w/x),Axess AG,"Anif, Österreich",https://stackoverflow.com/jobs/457890
Developer Frontend/ Backend/ Fullstack m/w/d,MARC O'POLO International GmbH,"Stephanskirchen, Deutschland",https://stackoverflow.com/jobs/519513
eCommerce Web Developer - JavaScript Focus,oBundle,No office location,https://stackoverflow.com/jobs/562674
Senior Front End Engineer,Demand.io,"Los Angeles, CA",https://stackoverflow.com/jobs/555644
Frontend Engineer (Angular) - Cloud Telephony (m/f/d),NFON AG,"Berlin, Deutschland",https://stackoverflow.com/jobs/505668
Fullstack-Anwendungsentwickler (m/w/d) für die Einheit Online Sales Services,Generali AG,"Aachen, Deutschland",https://stackoverflow.com/jobs/561212
Frontend Entwickler (w/m/d) React / JavaScript - bundesweit & Homeoffice,objective partner AG,"Weinheim, Deutschland",https://stackoverflow.com/jobs/550884
Senior full stack developer,Dynamic Planner,"Reading, UK",https://stackoverflow.com/jobs/557319
Senior Full-Stack Web Developer,Genetec,"Vienna, Austria",https://stackoverflow.com/jobs/565772
Senior Webentwickler/in (80-100%),bbv Software Services AG,"Zürich, Schweiz",https://stackoverflow.com/jobs/431192
Senior Fullstack Engineer (Python/Django/React)- #12 of Top-100 Marketplaces,StyleSeat,No office location,https://stackoverflow.com/jobs/561047
Software Engineer - Web Front-end Product Development,ti&m AG,"Zürich, Schweiz",https://stackoverflow.com/jobs/522335
Senior Software Engineer,"Jack Henry & Associates, Inc.®",No office location,https://stackoverflow.com/jobs/558523
Software-Entwickler & Software-Architekt (m/w/d),Method Park,"München, Deutschland",https://stackoverflow.com/jobs/548553
PHP-ENTWICKLER (M/W/D),LOGSOL GmbH,"Dresden, Deutschland",https://stackoverflow.com/jobs/565325
Senior Python Softwareentwickler:in (m/w/d),JobRad GmbH,"Freiburg im Breisgau, Deutschland",https://stackoverflow.com/jobs/563123
Senior Full-Stack Developer,Derivco.,"Umhlanga, South Africa",https://stackoverflow.com/jobs/528652
eCommerce Web Developer - JavaScript Focus,oBundle,No office location,https://stackoverflow.com/jobs/562674
React Native / Mobile Engineer (f/m/d),CoachHub GmbH,No office location,https://stackoverflow.com/jobs/504201
"Senior Software Developer/Team Leader in Berlin, Hamburg, Göttingen or Abingdon",Evotec SE,"Berlin, Germany",https://stackoverflow.com/jobs/550234
UX Frontend Developer (Angular) (m/w/d),CIS Solutions GmbH,"Ismaning, Deutschland",https://stackoverflow.com/jobs/383538
Full Stack Engineer,Odoo,"San Francisco, CA",https://stackoverflow.com/jobs/524056
Senior JavaScript Engineer (Canada Remote),Fullscript,No office location,https://stackoverflow.com/jobs/565695
⌨️ Full-stack Software Development Engineer,Acho,"Boston, MA",https://stackoverflow.com/jobs/561831
Frontend-Anwendungsentwickler (m/w/d) für die Einheit Online Sales Services,Generali AG,"Aachen, Deutschland",https://stackoverflow.com/jobs/561215
"Full-Stack fejlesztő (Angular, Java)",UNIQA Raiffeisen Software Service Kft.,"Budapest, Ungarn",https://stackoverflow.com/jobs/515488
Software Architect,Derivco.,"Umhlanga, South Africa",https://stackoverflow.com/jobs/528637
Full Stack Developer (m/w/d),"Sthree GmbHviaProgressive, ein Geschäftszweig der SThree GmbH","Dortmund, Deutschland",https://stackoverflow.com/jobs/524038
Remote Full Stack Java Developer (CA Only),"Sepasoft, Inc.","El Dorado Hills, CA",https://stackoverflow.com/jobs/565458
Full Stack Engineer,NN Group N.V.,"Den Haag, Netherlands",https://stackoverflow.com/jobs/557647
Frontend Developer (m/w/d),RheinEnergie AG,"Köln, Deutschland",https://stackoverflow.com/jobs/506045
(Senior) C#/.NET Entwickler (m/w/d),MT AG - enabling the adaptive enterprise,"Ratingen, Deutschland",https://stackoverflow.com/jobs/336814
SAP Fiori / SAP UI5 Developer (m/w/d),B.i.TEAM Gesellschaft für Softwareberatung mbH,"Karlsruhe, Deutschland",https://stackoverflow.com/jobs/560391
Senior Fullstack Engineer (Python/Django/React)- #12 of Top-100 Marketplaces,StyleSeat,No office location,https://stackoverflow.com/jobs/561047
Senior React Developer,BET Software,"Umhlanga, South Africa",https://stackoverflow.com/jobs/562563
(Senior) Full Stack Engineer (f/m/d),CoachHub GmbH,No office location,https://stackoverflow.com/jobs/504203
Front End Developer (m/f/d) REMOTE possible,Retresco GmbH,"Berlin, Deutschland",https://stackoverflow.com/jobs/487856
Frontend Engineer (Angular) - Cloud Telephony (m/f/d),NFON AG,"Berlin, Deutschland",https://stackoverflow.com/jobs/505668
Senior Web Angular Developer,MHR,"Nottingham, UK",https://stackoverflow.com/jobs/524829
Fullstack Web-Entwickler PHP/React (m/w/d) für E-Commerce Agentur aus Bremen,hmmh multimediahaus AG,No office location,https://stackoverflow.com/jobs/526714
Backend Engineer -Working in Japan,LINE Fukuoka,"Fukuoka, Japan",https://stackoverflow.com/jobs/273843
Senior Front End Developer,Which?,"London, UK",https://stackoverflow.com/jobs/524732
React Native / Mobile Engineer (f/m/d),CoachHub GmbH,No office location,https://stackoverflow.com/jobs/504201
Software Architect,Derivco.,"Umhlanga, South Africa",https://stackoverflow.com/jobs/528637
Web developer,Intel Corporation,"Moscow, Russia",https://stackoverflow.com/jobs/530450
Developer (Focus Backend) who loves to work on the Green Energy Transformation,HYDROGRID GmbH,"Vienna, Austria",https://stackoverflow.com/jobs/562576
Java FullStack SE - Looking to disrupt the Mortgage Industry!,"Cardinal Financial Company, LP",No office location,https://stackoverflow.com/jobs/350467
Senior Software Engineer,Viva Wallet,"Marousi, Greece",https://stackoverflow.com/jobs/541474
Tech Lead,Which?,"London, UK",https://stackoverflow.com/jobs/553253
Java Software engineer,ProgressiveviaProgressive Staffing Netherlands,"Amsterdam, Netherlands",https://stackoverflow.com/jobs/530992
Lead Frontend Engineer,SyncSmart.io (by LyntonWeb.com),No office location,https://stackoverflow.com/jobs/519814
PHP Developer (f/m/d),Fusonic,"Götzis, Austria",https://stackoverflow.com/jobs/195184
Senior Backend Developer (m/w/d),best it AG,"Berlin, Deutschland",https://stackoverflow.com/jobs/349422
Remote Full Stack Java Developer (CA Only),"Sepasoft, Inc.","El Dorado Hills, CA",https://stackoverflow.com/jobs/565458
Front-End Engineer,Mixam,"Watford, UK",https://stackoverflow.com/jobs/523992
Java Developer,MUFG,"New York, NY",https://stackoverflow.com/jobs/559436
Java FullStack SE - Looking to disrupt the Mortgage Industry!,"Cardinal Financial Company, LP",No office location,https://stackoverflow.com/jobs/350467
Javascript Reverse Engineer,eyeo GmbH,No office location,https://stackoverflow.com/jobs/561553
Web developer,Intel Corporation,"Moscow, Russia",https://stackoverflow.com/jobs/530450
Product Owner als Entwicklungsredakteur (m/w/d),ZEIT Verlagsgruppe,"Berlin, Deutschland",https://stackoverflow.com/jobs/562662
Tech Lead,Which?,"London, UK",https://stackoverflow.com/jobs/553253
Backend Developer (m/w/d),best it AG,"Berlin, Deutschland",https://stackoverflow.com/jobs/365057
IOS Developer - Object-C and Swift,Cornershop,"São Paulo, Brazil",https://stackoverflow.com/jobs/515694
UX und UI Designer (m/w/d) für Webanwendungen und Apps,Generali AG,"Hamburg, Deutschland",https://stackoverflow.com/jobs/559754
Java Software engineer,ProgressiveviaProgressive Staffing Netherlands,"Amsterdam, Netherlands",https://stackoverflow.com/jobs/530992
Lead Frontend Engineer,SyncSmart.io (by LyntonWeb.com),No office location,https://stackoverflow.com/jobs/519814
Senior Backend Developer (m/w/d),best it AG,"Berlin, Deutschland",https://stackoverflow.com/jobs/349422
Fullstack Java Developer - for a cloud-based language training solution,Speexx,No office location,https://stackoverflow.com/jobs/521936
Senior Full Stack Laravel & Vue.js,Worksome ApS,"København, Denmark",https://stackoverflow.com/jobs/503422
Softwareentwickler (m/w/d) PHP / Java im Bereich eCommerce,SECOMP GmbH,"Ettlingen, Deutschland",https://stackoverflow.com/jobs/565918
Frontend Developer - Angular /m/w/d),hmmh multimediahaus AG,"Bremen, Deutschland",https://stackoverflow.com/jobs/528287
Software-Entwickler Web-Techologie (m/w/d),PLATO AG,"Dortmund, Deutschland",https://stackoverflow.com/jobs/564535
Senior Java Entwickler/ Architekt (m/w/d),Optica Abrechnungszentrum Dr Güldener GmbHviaComputer Futures Solutions GmbH,"Stuttgart, Deutschland",https://stackoverflow.com/jobs/539720
JAVA Full Stack Web Application Developer – Entry Level & Internships,LBi Software,"Melville, NY",https://stackoverflow.com/jobs/521892
.NET Developer,Accenture Romania,No office location,https://stackoverflow.com/jobs/550598
Software Developer Team Lead,Derivco.,"Umhlanga, South Africa",https://stackoverflow.com/jobs/528640
KI-Entwickler (m/d/w),CompuGroup Medical Deutschland AGviaComputer Futures Solutions GmbH,"Koblenz, Deutschland",https://stackoverflow.com/jobs/524932
Frontend Developer (Vue),Hubstaff,No office location,https://stackoverflow.com/jobs/565779
Javascript Reverse Engineer,eyeo GmbH,No office location,https://stackoverflow.com/jobs/561553
Senior AEM Developer,AIR MILES,"Toronto, ON, Canada",https://stackoverflow.com/jobs/539248
Senior Full Stack Engineer- IAM Branding,Auth0,No office location,https://stackoverflow.com/jobs/562777
Senior Backend Developer (m/w/d),best it AG,"Berlin, Deutschland",https://stackoverflow.com/jobs/349422
Principal Software Web Architect,Corin GroupviaReal Staffing US,"Milpitas, CA",https://stackoverflow.com/jobs/522603
Sr. Full Stack Engineer- Convertus,AutoTrader,"Toronto, ON, Canada",https://stackoverflow.com/jobs/529014
Senior Full Stack Laravel & Vue.js,Worksome ApS,"København, Denmark",https://stackoverflow.com/jobs/503422
Software-Entwickler C# / .NET (m/w/d) – Medizintechnik,Method Park,"Erlangen, Deutschland",https://stackoverflow.com/jobs/548555
E-commerce und Plugin / Theme Entwickler (m/w/d),SOLIT Management GmbH,"Wiesbaden, Deutschland",https://stackoverflow.com/jobs/518171
Java-Web-Entwickler (w/m/d),parcIT GmbH,"Köln, Deutschland",https://stackoverflow.com/jobs/524192
Backend Developer (m/w/d),best it AG,"Berlin, Deutschland",https://stackoverflow.com/jobs/365057
UX und UI Designer (m/w/d) für Webanwendungen und Apps,Generali AG,"Hamburg, Deutschland",https://stackoverflow.com/jobs/559754
Geoscience Software Developer (User Interface),BGS,"Nottingham, UK",https://stackoverflow.com/jobs/565890
.NET Developer,Accenture Romania,No office location,https://stackoverflow.com/jobs/550598
IOS Developer - Object-C and Swift,Cornershop,"São Paulo, Brazil",https://stackoverflow.com/jobs/515694
Senior .Net / C# Web Service Developer / Architect,MapLarge,"Atlanta, GA",https://stackoverflow.com/jobs/124860
Senior Technical Support Engineer,emerchantpay,"Sofia, Bulgaria",https://stackoverflow.com/jobs/519479
C# / .NET Developer (f/m/d),Fusonic,"Götzis, Austria",https://stackoverflow.com/jobs/232275
Experienced Front-end Developer,F-Secure,"Helsinki, Finland",https://stackoverflow.com/jobs/552301
Senior Frontend Engineer (React + Typescript),Bigblue,"Paris, France",https://stackoverflow.com/jobs/505291
Java Developer,MUFG,"New York, NY",https://stackoverflow.com/jobs/559436
Site Reliability Engineer (SRE/DevOps) – Live Services,Creative Assembly,"Horsham, UK",https://stackoverflow.com/jobs/562570
Frontend Developer - Angular /m/w/d),hmmh multimediahaus AG,"Bremen, Deutschland",https://stackoverflow.com/jobs/528287
Frontend Developer,Jobandtalent,"Madrid, Spain",https://stackoverflow.com/jobs/533664
Senior Java Entwickler/ Architekt (m/w/d),Optica Abrechnungszentrum Dr Güldener GmbHviaComputer Futures Solutions GmbH,"Stuttgart, Deutschland",https://stackoverflow.com/jobs/539720
UX/UI Designer - ArcGIS 3D Scene Viewer,Esri,"Zürich, Switzerland",https://stackoverflow.com/jobs/533788
Senior Backend Developer (m/w/d),best it AG,"Berlin, Deutschland",https://stackoverflow.com/jobs/349422
Principal Engineer - Leading SaaS Provider of Casting and Audition Management,Casting NetworksviaSource Coders,No office location,https://stackoverflow.com/jobs/565864
Senior Java fejlesztő,UNIQA Raiffeisen Software Service Kft.,"Budapest, Ungarn",https://stackoverflow.com/jobs/515490
Frontend Developer,Jobandtalent,"Madrid, Spain",https://stackoverflow.com/jobs/533664
Back-end Developer,InteractioviaInvest Lithuania,"Vilnius, Lithuania",https://stackoverflow.com/jobs/543984
Fullstack Entwickler (m/w/d),SOLIT Management GmbH,"Wiesbaden, Deutschland",https://stackoverflow.com/jobs/523307
Senior Web Developer,ti&m AG,"Zürich, Schweiz",https://stackoverflow.com/jobs/522317
Sr. Full Stack Engineer- Convertus,AutoTrader,"Toronto, ON, Canada",https://stackoverflow.com/jobs/529014
Full Stack Developer (m/w/d),CARSYNC GmbH,"München, Deutschland",https://stackoverflow.com/jobs/522844
Senior Full Stack Laravel & Vue.js,Worksome ApS,"København, Denmark",https://stackoverflow.com/jobs/503422
Salesforce Engineering Manager (Q-Commerce - Local Shops) (f/m/d),Delivery Hero SE,"Berlin, Germany",https://stackoverflow.com/jobs/565645
Software-Entwickler C# / .NET (m/w/d) – Medizintechnik,Method Park,"Erlangen, Deutschland",https://stackoverflow.com/jobs/548555
Java-Web-Entwickler (w/m/d),parcIT GmbH,"Köln, Deutschland",https://stackoverflow.com/jobs/524192
(Senior) Consultant Digital Experience und Marketing,ti&m AG,"Zürich, Schweiz",https://stackoverflow.com/jobs/524920
"Senior Web Engineer, Fullstack",Homer,No office location,https://stackoverflow.com/jobs/558043
.NET Developer,Accenture Romania,No office location,https://stackoverflow.com/jobs/550598
Senior Front End Web Developer,Kettle,No office location,https://stackoverflow.com/jobs/378531
Senior .Net / C# Web Service Developer / Architect,MapLarge,"Atlanta, GA",https://stackoverflow.com/jobs/124860
Senior Technical Support Engineer,emerchantpay,"Sofia, Bulgaria",https://stackoverflow.com/jobs/519479
Backend-Entwickler (m/w/d),Heimrich & Hannot GmbH,"Dresden, Deutschland",https://stackoverflow.com/jobs/562415
C# / .NET Developer (f/m/d),Fusonic,"Götzis, Austria",https://stackoverflow.com/jobs/232275
Back-end Developer,HOTMART,"Belo Horizonte, Brazil",https://stackoverflow.com/jobs/526775
Experienced Front-end Developer,F-Secure,"Helsinki, Finland",https://stackoverflow.com/jobs/552301
Senior Frontend Engineer (React + Typescript),Bigblue,"Paris, France",https://stackoverflow.com/jobs/505291
Data Scientist (m/f/d),starmobile GmbH,"Fulda, Deutschland",https://stackoverflow.com/jobs/528484
JAVA Full Stack Web Application Developer – Entry Level & Internships,LBi Software,"Melville, NY",https://stackoverflow.com/jobs/521892
Lead DevOps / SRE Engineer (f/m/d),HeidelbergCement AG,"Heidelberg, Deutschland",https://stackoverflow.com/jobs/555118
Frontend/Web-Entwickler WordPress,onOffice GmbH,No office location,https://stackoverflow.com/jobs/552287
"Sr Full Stack Engineer - US & Canada Remote (.NET core, NoSQL, React, AWS)",Lone Wolf Technologies,No office location,https://stackoverflow.com/jobs/523487
Frontend Developer (Vue),Hubstaff,No office location,https://stackoverflow.com/jobs/565779
Frontend (React) Developer,Seven Peaks Software,"Khwaeng Khlong Toei, Thailand",https://stackoverflow.com/jobs/474100
Senior PHP Developer @Loyals,Loyals B.V.,"Mijdrecht, Netherlands",https://stackoverflow.com/jobs/503555
Senior Development Engineer (Android),Rain Bird Corporation,"Tucson, AZ",https://stackoverflow.com/jobs/555339
Web Engineer,Numbrs,No office location,https://stackoverflow.com/jobs/524105
Remote Senior Java & AWS Developer - US Citizenship Required,Intevity,No office location,https://stackoverflow.com/jobs/565496
UX/UI Designer - ArcGIS 3D Scene Viewer,Esri,"Zürich, Switzerland",https://stackoverflow.com/jobs/533788
Open source stack software engineering lead,Canonical,No office location,https://stackoverflow.com/jobs/564537
Data Architect,Derivco.,"Umhlanga, South Africa",https://stackoverflow.com/jobs/528638
(Senior-)PHP-Fullstack-Webentwickler (m/w/d),Curacado GmbH,"Planegg, Deutschland",https://stackoverflow.com/jobs/562279
Fullstack Developer (m/w/d),best it AG,"Berlin, Deutschland",https://stackoverflow.com/jobs/368833
Sr. Cloud Support Engineer,"Sailpoint Technologies, Inc.","Austin, TX",https://stackoverflow.com/jobs/536838
Front End Engineer,"Betterup, Inc.",No office location,https://stackoverflow.com/jobs/523559
Product Designer Manager (UI/UX),"Jack Henry & Associates, Inc.®",No office location,https://stackoverflow.com/jobs/553135
Fullstack Entwickler (m/w/d),SOLIT Management GmbH,"Wiesbaden, Deutschland",https://stackoverflow.com/jobs/523307
Atlassian Expert: US (Remote 100%),Modus Create,No office location,https://stackoverflow.com/jobs/565755
Salesforce Engineering Manager (Q-Commerce - Local Shops) (f/m/d),Delivery Hero SE,"Berlin, Germany",https://stackoverflow.com/jobs/565645
"Senior Web Engineer | TypeScript, React.js, Next.js | High Traffic E-commerce",Dé VakantieDiscounter,"Amsterdam, Netherlands",https://stackoverflow.com/jobs/557189
(Senior) Frontend Developer (f/m/d),"AppLike Group - justDice, adjoe and Sunday","Hamburg, Deutschland",https://stackoverflow.com/jobs/526490
LEAD INSTRUCTOR - WEB DEVELOPMENT [German speaking ],WBS Gruppe,No office location,https://stackoverflow.com/jobs/529169
Full Stack Engineer,eBay,"Atlanta, GA",https://stackoverflow.com/jobs/556461
"Développeur .Net Sécurité (possibilité de télétravail à 100%, partout au Québec)",Grics,"Montréal, QC, Canada",https://stackoverflow.com/jobs/543736
Senior Java fejlesztő,UNIQA Raiffeisen Software Service Kft.,"Budapest, Ungarn",https://stackoverflow.com/jobs/515490
Senior Javascript Developer / Tech Lead,Insites Digital,"Hitchin, UK",https://stackoverflow.com/jobs/531166
LEAD INSTRUCTOR - WEB DEVELOPMENT [full time || part time],WBS Gruppe,No office location,https://stackoverflow.com/jobs/556317
Back-end Developer,InteractioviaInvest Lithuania,"Vilnius, Lithuania",https://stackoverflow.com/jobs/543984
Senior Web Developer,ti&m AG,"Zürich, Schweiz",https://stackoverflow.com/jobs/522317
PHP Developer,alfaview GmbH,No office location,https://stackoverflow.com/jobs/559394
Senior Software Engineer - User Interface Development,"Jack Henry & Associates, Inc.®",No office location,https://stackoverflow.com/jobs/561040
Lead DevOps / SRE Engineer (f/m/d),HeidelbergCement AG,"Heidelberg, Deutschland",https://stackoverflow.com/jobs/555118
Java FullStack-Entwickler (m/d/w),MVB GmbHviaComputer Futures Solutions GmbH,"Frankfurt am Main, Deutschland",https://stackoverflow.com/jobs/522300
(Senior) Consultant Digital Experience und Marketing,ti&m AG,"Zürich, Schweiz",https://stackoverflow.com/jobs/524920
Senior PHP Developer - Remote (Europe),GameAnalytics,No office location,https://stackoverflow.com/jobs/565754
Sr. Software Engineer (Full stack Java),MUFG,"Charlotte, NC",https://stackoverflow.com/jobs/559425
Senior Front-end Engineer,Cribl,No office location,https://stackoverflow.com/jobs/552179
Deutsche Bank Lead Engineer - Digital Small Cap Banking (m/w/d),Deutsche Bank AG,"Berlin, Germany",https://stackoverflow.com/jobs/529662
.Net Developer,Smals,"Brussels Hoofdstedelijk Gewest, Belgium",https://stackoverflow.com/jobs/472397
Back-end Developer,HOTMART,"Belo Horizonte, Brazil",https://stackoverflow.com/jobs/526775
Full Stack Engineer (m/f/d),Relayr,"Katowice, Poland",https://stackoverflow.com/jobs/544460
DevOps / SRE Engineer (f/m/d),HeidelbergCement AG,"Heidelberg, Deutschland",https://stackoverflow.com/jobs/555115
Product Designer Manager (UI/UX),"Jack Henry & Associates, Inc.®",No office location,https://stackoverflow.com/jobs/553135
Senior Front-End Developer,Derivco.,"Umhlanga, South Africa",https://stackoverflow.com/jobs/528639
Full Stack Software Developer,Limelyte Technology Group,"Spokane, WA",https://stackoverflow.com/jobs/565751
Engineering Manager,AMBOSS,"Berlin, Germany",https://stackoverflow.com/jobs/524863
UX Designer (m/w/d) 100%,Gardena GmbH,"Zürich, Switzerland",https://stackoverflow.com/jobs/531444
Product Designer Manager (UI/UX),"Jack Henry & Associates, Inc.®",No office location,https://stackoverflow.com/jobs/553135
Full Stack Developer (.NET+Angular) - Build state-of-the-art creatives,Pentalog,No office location,https://stackoverflow.com/jobs/554219
Frontend Developer,Octopus Energy,"London, UK",https://stackoverflow.com/jobs/533659
DevOps / SRE Engineer (f/m/d),HeidelbergCement AG,"Heidelberg, Deutschland",https://stackoverflow.com/jobs/555115
Senior Front-End Developer,Derivco.,"Umhlanga, South Africa",https://stackoverflow.com/jobs/528639
Full Stack Software Developer,Limelyte Technology Group,"Spokane, WA",https://stackoverflow.com/jobs/565751
Engineering Manager,AMBOSS,"Berlin, Germany",https://stackoverflow.com/jobs/524863
"Graduate Software Engineer, Linux-based development",Canonical,No office location,https://stackoverflow.com/jobs/565622
UX Designer (m/w/d) 100%,Gardena GmbH,"Zürich, Switzerland",https://stackoverflow.com/jobs/531444
Ruby Developer,Vodafone,No office location,https://stackoverflow.com/jobs/560706
Solution Architect (m/w/d),CIS Solutions GmbH,"Ismaning, Deutschland",https://stackoverflow.com/jobs/383540
Senior Full Stack Developer,Tyk Technologies,"Atlanta, GA",https://stackoverflow.com/jobs/565884
Full Stack Engineer (m/f/d),Relayr,"Berlin, Germany",https://stackoverflow.com/jobs/544458
"Développeur .Net (possibilité de télétravail à 100%, partout au Québec)",Grics,"Montréal, QC, Canada",https://stackoverflow.com/jobs/521899
Laravel Jedi,Creative Force Ltd,No office location,https://stackoverflow.com/jobs/527987
Senior Frontendutvecklare - React,Learnifier,"Stockholm, Sweden",https://stackoverflow.com/jobs/506872
Senior WordPress Engineer (Remote),XWP,No office location,https://stackoverflow.com/jobs/507941
Java Support Engineer wanted!,Magnolia International Ltd.,No office location,https://stackoverflow.com/jobs/374068
"Développeur C# C++ (possibilité de télétravail à 100%, partout au Québec)",Grics,"Montréal, QC, Canada",https://stackoverflow.com/jobs/521898
Lead WordPress Engineer,XWP,No office location,https://stackoverflow.com/jobs/513454
Modern Infrastructure and Security Architect - Remote,MUFG,No office location,https://stackoverflow.com/jobs/559431
